Molecule_ID,Composition
0,H3
1,H3
2,H
3,H
4,H
5,H
6,H
7,n
8,H
9,nLi
10,HHe
11,nHe
12,HHe
13,HHe
14,nHe
15,HHe
16,H2
17,nHe
18,n
19,n
20,n
21,H
22,HHe
23,HHe
24,H2
25,H2
26,H
27,HHe
28,HLi
29,HHe
30,nHe
31,nHe
32,HHe
33,HHe
34,H2
35,HHe
36,H2
37,H2
38,HLi
39,n2
40,HHe
41,nHe
42,H2
43,HHe
44,H2
45,nHe
46,HHe
47,H2
48,nHe
49,nHe
50,HHe
51,HHe
52,n
53,nHe
54,H2
55,nH
56,HHe
57,HHe
58,nH
59,H2
60,H2
61,H2
62,HHe
63,HLi
64,HHe
65,HHe
66,HHe
67,HLi
68,H
69,HHe
70,HHe
71,HHe
72,HHe
73,HHe
74,HHe
75,nHe
76,nHe
77,HHe
78,HHe
79,HHe
80,HHe
81,nH
82,HHe
83,HHe
84,HHe
85,HHe
86,HHe
87,H2
88,HHe
89,HLi
90,HHe
91,nHe
92,H2
93,HHe
94,HHe
95,nLi
96,HHe
97,HHe
98,HHe
99,H
100,HHe
101,nHe
102,HHe
103,H2
104,nLi
105,HHe
106,HHe
107,HHe
108,HHe
109,nHe
110,H2
111,HHe
112,nHe
113,HHe
114,HHe
115,nHe
116,HHe
117,nHe
118,HHe
119,HHe
120,HHe
121,HLi
122,HHe
123,nHe
124,nHe
125,HHe
126,HHe
127,HHe
128,HHe
129,HHe
130,HHe
131,HLi
132,nHe
133,HHe
134,nHe
135,HHe
136,HLi
137,HHe
138,HHe
139,nHe
140,HLi
141,HHe
142,HHe
143,HHe
144,HHe
145,HHe
146,HHe
147,HHe
148,HHe
149,HHe
150,H2
151,HHe
152,nHe
153,HHe
154,HHe
155,HHe
156,HHe
157,HHe
158,HHe
159,HHe
160,HHe
161,nHe
162,nHe
163,HHe
164,HHe
165,HLi
166,HHe
167,HHe
168,HHe
169,HHe
170,H2
171,HHe
172,HHe
173,nHe
174,HHe
175,HHe
176,HHe
177,HHe
178,HHe
179,HHe
180,HHe
181,HHe
182,HHe
183,HHe
184,HHe
185,nHe
186,HHe
187,HHe
188,HHe
189,HLi
190,HHe
191,HLi
192,nLi
193,HHe
194,HHe
195,HHe
196,HHe
197,HHe
198,HLi
199,nHe
200,HLi
201,HHe
202,HHe
203,HHe
204,HHe
205,nHe
206,HHe
207,HHe
208,HLi
209,nHe
210,HHe
211,HLi
212,nHe
213,HHe
214,HHe
215,HHe
216,HLi
217,HHe
218,HHe
219,HHe
220,HHe
221,HLi
222,HHe
223,HLi
224,HHe
225,HHe
226,HHe
227,HHe
228,HHe
229,HHe
230,HHe
231,HLi
232,HHe
233,nHe
234,nLi
235,HLi
236,HLi
237,nHe
238,HHe
239,HHe
240,HLi
241,HHe
242,nLi
243,nHe
244,HHe
245,HHe
246,H2
247,nHe
248,HHe
249,HHe
250,HHe
251,HHe
252,HHe
253,HHe
254,nHe
255,HHe
256,HHe
257,HHe
258,HHe
259,nHe
260,HHe
261,HHe
262,nHe
263,HHe
264,HHe
265,n2
266,HHe
267,nHe
268,HHe
269,HHe
270,HHe
271,HHe
272,HHe
273,HHe
274,H2
275,HHe
276,HLi
277,HLi
278,HHe
279,HHe
280,HLi
281,HHe
282,HHe
283,HHe
284,HHe
285,HHe
286,nHe
287,H
288,HHe
289,HLi
290,nHe
291,HLi
292,nHe
293,H2
294,HHe
295,HLi
296,HHe
297,HHe
298,nLi
299,nHe
300,HLi
301,nHe
302,HHe
303,HHe
304,HLi
305,HHe
306,HLi
307,nHe
308,nHe
309,HHe
310,HHe
311,H2
312,HHe
313,HLi
314,HHe
315,H2
316,nHe
317,HHe
318,HHe
319,HHe
320,HHe
321,HHe
322,HHe
323,HHe
324,HHe
325,nLi
326,HHe
327,HHe
328,H2
329,HHe
330,HHe
331,HHe2
332,HLi
333,HHe
334,HLi
335,nHe2
336,HHe
337,HHe
338,HHe
339,HHe
340,HLi
341,nHe2
342,HHe
343,HLi
344,nHe
345,HLi
346,nLi2
347,nHe2
348,HHe2
349,HLi
350,HHe2
351,nHe2
352,HHe2
353,HHe
354,HLi
355,HHe2
356,HHe
357,HHe2
358,HHe2
359,nHe2
360,HHe2
361,HHe2
362,HHe
363,nHe2
364,HLi
365,HLi
366,HLi
367,HHe2
368,HHe2
369,HLi
370,HHe2
371,HHe
372,HHe2
373,HHe2
374,HHe
375,HHe2
376,HHe2
377,HHe
378,nHe2
379,HHe2
380,HHe2
381,HHe2
382,HHe2
383,HHe
384,HHe2
385,n2H
386,HHe2
387,HHe2
388,HHe2
389,nHe2
390,H
391,HHe2
392,HHe2
393,H3
394,HHe2
395,HHe2
396,HHe2
397,HHe2
398,HHe2
399,HHe2
400,HHe2
401,HHe2
402,HLi2
403,nHe2
404,nHe
405,HHe2
406,HHe2
407,HHe2
408,nHe2
409,nHe2
410,HHe2
411,nHe2
412,HHe2
413,HHe2
414,HHe2
415,HHe2
416,HHe2
417,HHe2
418,HHe2
419,HHe2
420,HHe2
421,HHe2
422,HHe2
423,HHe2
424,HHe2
425,HHe2
426,HHe2
427,HHe2
428,H
429,HHe2
430,nLi2
431,HHe2
432,HHe2
433,HHe2
434,HHe2
435,HHe2
436,HHe2
437,nHe2
438,HLi2
439,HLi2
440,HHe2
441,nHe2
442,n2Li
443,HHeLi
444,HHe2
445,HHe2
446,HHe2
447,nHe2
448,HHe2
449,nHe2
450,HLi2
451,HHe2
452,nHe2
453,n3
454,HHe2
455,nHe2
456,HHe2
457,H3
458,nHe2
459,nHe2
460,HLi2
461,HHe2
462,H3
463,HHeLi
464,nLi2
465,HHe2
466,HHe2
467,H2He
468,HHe2
469,HHe2
470,HLi2
471,H2Li
472,HHe2
473,nLi2
474,HLi2
475,HHe2
476,HHe2
477,HHe2
478,HHe2
479,HHe2
480,HHe2
481,HLi2
482,HHe2
483,HLi2
484,HHe2
485,HHe2
486,nHe2
487,nLi2
488,HHe2
489,HHe2
490,HHe3
491,HLi2
492,HHe2
493,nHe3
494,HHe2
495,nHe2
496,HLi2
497,HHe3
498,HHe3
499,HHe2
500,HHe2
501,HHe3
502,HHe2
503,HHe2
504,H
505,nHe2
506,HHe2
507,HHe2
508,H3
509,HHe3
510,nHe2
511,HHe3
512,H3He
513,nHe2
514,HHe2
515,HHe3
516,HHe3
517,nHe3
518,HHe2
519,HHe3
520,HHe2
521,HLi2
522,HHe3
523,HLi2
524,HHe2
525,HHe2
526,nHe2
527,HHe2
528,HHe2
529,HHe3
530,HHeLi2
531,HHe2
532,HHe2
533,HHe2
534,HHe2
535,HHe2
536,H2Li
537,H3
538,HHe2
539,HHe2
540,nHe2
541,nLi2
542,nBe2
543,HHe2
544,HHe2
545,HLi2
546,HLi2
547,nHe2
548,HLi2
549,nHe2
550,HHe2
551,HLi2
552,HHe2
553,HHe2
554,HHe2
555,HHe2
556,H2He2
557,HHeLi2
558,H2He2
559,HHeLi2
560,HHeLi2
561,HHeLi2
562,HHe3
563,H2Li2
564,H2Li2
565,HHeLi2
566,n2HeLi
567,n2HeLi
568,H2Li2
569,n2Li2
570,nHeLi2
571,HHe3
572,HHe3
573,H2He2
574,H4
575,HHe3
576,n2He2
577,H2He2
578,H2He2
579,HHe3
580,H2Li2
581,H4
582,nHe3
583,HHe3
584,H2Li2
585,H2Li2
586,H2He2
587,H2Li2
588,H4
589,HHe3
590,HHe3
591,H2He2
592,H2He2
593,H3He
594,HHe3
595,HHe3
596,nHLi2
597,HLi2
598,HHe3
599,HHe3
600,HHe3
601,HHe3
602,HHe3
603,H2Li
604,H2Li2
605,HHe3
606,H2He2
607,H4
608,H3He
609,HHe3
610,nHe3
611,HHe3
612,HHe3
613,HHe3
614,HHe3
615,nHe3
616,H2He2
617,HHe3
618,HHe3
619,nHe3
620,HHe3
621,HHe3
622,nHe3
623,HHe3
624,nHe3
625,HHe3
626,HHe3
627,HHe3
628,HHe3
629,HHe
630,H2Li2
631,H2He2
632,HHe3
633,HHe3
634,HHe3
635,nHe3
636,HHe3
637,HHe3
638,HHe3
639,HHe3
640,HHe2
641,HHe2
642,nHe2
643,H2Li
644,H2He2
645,H2Li2
646,H2Li2
647,HHe3
648,H2Li2
649,nHLi2
650,H2Li2
651,H2He2
652,H2He2
653,HHe3
654,H2He2
655,HHe3
656,HHe3
657,H2He2
658,H2He2
659,HHe3
660,HHe3
661,H2He2
662,HHe3
663,H2He2
664,HHeLi2
665,HHeLi2
666,HHe3
667,H2Li2
668,HHeLi2
669,HHe3
670,H3He
671,H3He
672,HHe3
673,HHe3
674,H2He2
675,H2He2
676,H2Li2
677,H2He2
678,nHe3
679,H2He2
680,HHe3
681,HHe3
682,HHe3
683,H2Li2
684,HHe3
685,nHe3
686,H2He2
687,HHe3
688,H2Li2
689,HHe3
690,HHeLi2
691,HHe3
692,nHe3
693,HHe3
694,H2He2
695,HHe3
696,nHe3
697,HHeLi2
698,H2He2
699,H2He2
700,H2Li2
701,HHe3
702,HHe3
703,HHeLi2
704,HHe3
705,HHe3
706,HHeLi2
707,HHeLi2
708,nHeLi2
709,n2He2
710,nHe3
711,HHeLi2
712,HHeLi2
713,HHeLi2
714,HHeLi2
715,HHeLi2
716,HHeLi2
717,H2He2
718,H3He
719,H2He2
720,HHe3
721,HHeLi2
722,H3He
723,nHeLi2
724,HHeLi2
725,HHe3
726,nHe3
727,HHe3
728,H2Li2
729,H2Li2
730,HHe3
731,HHe3
732,H2Li2
733,H2Li2
734,n2He2
735,HHe3
736,nHLi2
737,HHe3
738,H2Li2
739,HHe3
740,nHe3
741,H2Li2
742,HHe3
743,H4
744,H3He
745,HHeLi2
746,H4
747,H2Li2
748,H2He2
749,HHe3
750,HBe3
751,H2He2
752,H2Li2
753,H2He2
754,H2He2
755,HHeLi2
756,HHeLi2
757,HHe3
758,nHeLi2
759,HHe3
760,nHe3
761,H2He2
762,H2He2
763,n2He2
764,H4
765,H4
766,HHe3
767,HHe3
768,HHe3
769,HHe3
770,HHe3
771,n3He
772,HHe3
773,HHe3
774,nHe3
775,HHe3
776,HHe3
777,HHe3
778,HHe3
779,HHe3
780,HHe3
781,HHe3
782,H3He
783,HHe3
784,nHe3
785,HHe3
786,HHe3
787,HHe3
788,HHe3
789,H3He
790,H3He
791,nHe3
792,nHe3
793,HHe3
794,HHe3
795,HHe3
796,nHe3
797,HHe3
798,H3He
799,HHe3
800,HHe3
801,HHe3
802,HHe3
803,nHLi2
804,HHe3
805,HHe3
806,HHe3
807,nHe3
808,HHe3
809,HHe3
810,HHe3
811,HHe3
812,nHe3
813,H3He
814,HHeLi2
815,nHLi2
816,HHe3
817,H2Li2
818,HHe3
819,HHe3
820,HHe2
821,HHe3
822,HHe3
823,HHe3
824,nHeLi2
825,HHeLi2
826,HHe3
827,HHeLi2
828,HHe3
829,H4
830,H2He2
831,H4
832,H3He
833,HHeLi3
834,HHe4
835,nH2He2
836,H2He2
837,H3He
838,nHeLi2
839,H2Li2
840,H3He
841,H4
842,H3He
843,HHe4
844,HHe3
845,H2Li2
846,HHe3
847,HHeLi3
848,HHeLi3
849,H3He
850,H2He2
851,HHe4
852,H2He2
853,HHe3
854,HHe4
855,HHe3
856,nHeLi2
857,HHe3
858,H3He
859,HHeLi3
860,H2Li2
861,HHe3
862,HHeLi2
863,HHe3
864,H4
865,HHe4
866,H3He
867,HHe3
868,H3He
869,HHeLi3
870,HHeLi3
871,nHe4
872,HBe3
873,HHeLi2
874,nHe3
875,H3HeLi
876,HHe4
877,nHe4
878,HHeLi3
879,HHe4
880,HHe4
881,HHe2
882,HHeLi3
883,HHeLi3
884,H2Li2
885,HHe3
886,nHLi2
887,HHe4
888,HHe4
889,H2He3
890,HHeLi3
891,nHe4
892,HHe4
893,HHe3
894,HHeLi3
895,nHe4
896,H2Li2
897,H2Li2
898,H3He
899,HHe4
900,HHe4
901,HHeLi3
902,HHe4
903,HHeLi3
904,nHe4
905,n2Li3
906,nHe4
907,HHe4
908,H3He
909,H3He2
910,HHeLi3
911,HHe3
912,HHeLi3
913,n2He2
914,HHe3
915,HHe3
916,H3He
917,nHe4
918,H2He3
919,HHe4
920,HHe3Li
921,HHeLi3
922,nHe3Li
923,H2He2
924,HHe4
925,nHe4
926,H3He2
927,H3He
928,nHe4
929,nHe2Li2
930,HHe4
931,HHe4
932,HHe4
933,HHe3
934,HHe3
935,H3He
936,nH2He2
937,nHe4
938,H3He2
939,H3HeLi
940,HHe4
941,H2He2
942,H3HeLi
943,H4
944,HHe3
945,H2Li2
946,HHe4
947,HHe4
948,HHe4
949,H2He3
950,nHe4
951,HHe4
952,HHe4
953,H2He3
954,HHe4
955,n3HeLi
956,HHe3
957,HHe4
958,HHe4
959,HHe4
960,HHe4
961,nHe4
962,HHe4
963,H3HeLi
964,HHeLi2
965,HHe3
966,nHe4
967,nHLi2
968,H2Li2
969,HHe4
970,H2He3
971,nHe4
972,nHe4
973,H3HeLi
974,HHe3Li
975,HHe4
976,H3HeLi
977,HBe3
978,nHLi2
979,HHeLi2
980,HHe4
981,HHe4
982,nHLi2
983,H2Li2
984,HHe3
985,HHe4
986,H3HeLi
987,H2Li2
988,nHLi2
989,H2Li2
990,HHeLi2
991,H2Li3
992,HHe4
993,HHe4
994,nHe4
995,HHe4
996,H2He2
997,HHe4
998,nHe4
999,H3He2
1000,HHe4
1001,H3He2
1002,HHe4
1003,HHe4
1004,HHe4
1005,nHe4
1006,HHe4
1007,nHe4
1008,HHe4
1009,nHe4
1010,HHe3Li
1011,HHeLi3
1012,HHeLi3
1013,HHe4
1014,HHe4
1015,nHe4
1016,HHe3Li
1017,HHe4
1018,HHeLi3
1019,HHe4
1020,H2He2
1021,H2He2
1022,H2Li2
1023,nHe4
1024,HHe4
1025,nHe4
1026,nHe4
1027,HHe3Li
1028,HHe3
1029,H2Li2
1030,H2He2
1031,nHe4
1032,HHe4
1033,nHe4
1034,HHe4
1035,HHe4
1036,HHe4
1037,H3HeLi
1038,nHe4
1039,HHe4
1040,nHLi3
1041,HHe4
1042,HHe4
1043,n3HeLi
1044,HHe4
1045,HHe4
1046,HHe4
1047,nHe4
1048,H2LiBe2
1049,HHe4
1050,n3HeLi
1051,H2Li2
1052,nHLi3
1053,nHe4
1054,nHe4
1055,nHe4
1056,HHe4
1057,H3HeLi
1058,HHe4
1059,HHe4
1060,HHe4
1061,H2He2
1062,HHe4
1063,HHe4
1064,nHe4
1065,HHe4
1066,HHe4
1067,HHe4
1068,HHe3Li
1069,HBe3
1070,H3HeLi
1071,HHe4
1072,HHe3Li
1073,HHe4
1074,H3HeLi
1075,H3HeLi
1076,H2He2
1077,H2He2
1078,H2Li3
1079,HHe4
1080,HHe4
1081,HHe3
1082,nHe4
1083,H3HeLi
1084,HHe4
1085,H3HeLi
1086,nHe4
1087,H3HeLi
1088,H2Li3
1089,H3HeLi
1090,nHe4
1091,nHLi3
1092,nHe4
1093,H2Li2
1094,H2HeLi2
1095,HHe4
1096,H2Li2
1097,H2HeLi2
1098,nHe3Li
1099,HHe3Li
1100,H3He2
1101,H2Li2
1102,H2He2
1103,HHe4
1104,HHe4
1105,HHe4
1106,nHe3Li
1107,HHe2
1108,H3HeLi
1109,n2Li3
1110,HHe4
1111,nHe4
1112,HHe4
1113,HHe4
1114,HHe4
1115,HHe3Li
1116,H2LiBe2
1117,HHe4
1118,HHe4
1119,HHe4
1120,H3HeLi
1121,H2Li3
1122,H3HeLi
1123,HHe4
1124,HHe4
1125,HHe4
1126,HHe4
1127,H2Li3
1128,H2Li3
1129,HHe4
1130,nHe4
1131,H2HeLi2
1132,H2Li2
1133,H2He2
1134,nHe4
1135,HHe4
1136,H3HeLi
1137,nHe4
1138,H2Li3
1139,HHe4
1140,nHe4
1141,HHe4
1142,HHe3Li
1143,HHe3Li
1144,HHe3Li
1145,H2He2
1146,HHe4
1147,HHe4
1148,H3HeLi
1149,H3HeLi
1150,HHe4
1151,HHe4
1152,HHe4
1153,HHe3Li
1154,nHLi3
1155,HHe4
1156,HHe4
1157,H3He2
1158,HHe4
1159,HHe2
1160,H3HeLi
1161,HHe4
1162,HHe4
1163,nH2He2
1164,HHe4
1165,n3HeLi
1166,HHe4
1167,nHe4
1168,HHe4
1169,H2He2
1170,HHe4
1171,HHe4
1172,HHe4
1173,HHe4
1174,HHe4
1175,HHe4
1176,nHe4
1177,nHe4
1178,nHe4
1179,H3HeLi
1180,H3HeLi
1181,HHeLi2
1182,HHe4
1183,HHe4
1184,HHe4
1185,HHe4
1186,H2LiBe2
1187,H2Li3
1188,HHe4
1189,HHe4
1190,H2Li3
1191,HHe4
1192,HHe4
1193,nHe4
1194,HHe4
1195,HHe4
1196,HHe4
1197,H3HeLi
1198,H2HeLi2
1199,H2Li3
1200,H2HeLi2
1201,HHe4
1202,n3HeLi
1203,HHeLi2
1204,HHe4
1205,HHe4
1206,HHe4
1207,HHe4
1208,HHe4
1209,H3HeLi
1210,HHe4
1211,nHe4
1212,n3HeLi
1213,HHe4
1214,nHe4
1215,H2Li3
1216,HHe4
1217,HHe4
1218,nHe4
1219,H3HeLi
1220,HHe4
1221,HHe4
1222,H2He2
1223,nHe4
1224,H3HeLi
1225,H3HeLi
1226,HHe4
1227,HHe4
1228,nHe4
1229,H3HeLi
1230,HBe3
1231,HHe3
1232,H3HeLi
1233,H3HeLi
1234,HHe4
1235,H3HeLi
1236,H3HeLi
1237,H3HeLi
1238,H3HeLi
1239,H2Li3
1240,HHe4
1241,H3HeLi
1242,HHe4
1243,H2Li3
1244,H2He2
1245,HHe4
1246,HHe4
1247,HHe3
1248,H2Li3
1249,n2Li3
1250,nHe4
1251,HHe4
1252,HHe4
1253,HHe4
1254,HHe4
1255,H2He3
1256,H2Li3
1257,HHe4
1258,HHe4
1259,HHe4
1260,H2Li3
1261,nHe4
1262,HHe4
1263,n2He3
1264,H3HeLi
1265,HHe4
1266,HHe4
1267,HHe4
1268,H3HeLi
1269,HHe4
1270,nHe4
1271,n3HeLi
1272,H3HeLi
1273,HHe4
1274,HHeLi2
1275,H2Li3
1276,HHe4
1277,H2He2Li
1278,H3HeLi
1279,H2He2Li
1280,HHe4
1281,HHe4
1282,H2Li3
1283,HHe4
1284,nHe4
1285,H2Li2
1286,HHe4
1287,nHe4
1288,HHe4
1289,nHe4
1290,HHe4
1291,HHe4
1292,HHe4
1293,HHe4
1294,HHe4
1295,H2He2
1296,HHe4
1297,HHe4
1298,HHe4
1299,H2Li3
1300,HHe4
1301,HHe4
1302,nHe4
1303,HHe4
1304,HHe4
1305,HHe4
1306,HHe4
1307,n2He4
1308,HHe4
1309,nHe4
1310,H2He4
1311,HHe4Li
1312,H2He2
1313,H2He3
1314,HHeLi3
1315,HHe4
1316,nHLi2
1317,HHe4
1318,nHe4
1319,HHe4
1320,HHe4
1321,H2Li2
1322,H2He2
1323,H2He2
1324,H2He2
1325,HHe3
1326,HHe3
1327,HHeLi2
1328,nHeLi2
1329,H2He2
1330,H2He2
1331,HHe3
1332,H2He2
1333,H2He2
1334,H3He
1335,nHe4
1336,H2Li3
1337,n2Li3
1338,HHe4
1339,HHe4
1340,HHe4
1341,HHe4
1342,HHe3
1343,HHeLi2
1344,n2He2
1345,HHe3
1346,H2Li2
1347,HHe4
1348,nHe2Li2
1349,HHe2Li2
1350,HHe2Li2
1351,HHe4
1352,HHe4
1353,H3Li2
1354,H2He2
1355,HHeLi2
1356,HHe4
1357,HHe4
1358,n2Li3
1359,HHe4
1360,nHe4
1361,nHe4
1362,H2HeLi2
1363,nHe4
1364,H2He3
1365,HHe4
1366,nHe4
1367,H2Li3
1368,H2Li3
1369,H2He3
1370,HHe4
1371,nHe4
1372,HHe2Li2
1373,HHe4
1374,H2Li3
1375,H2Li3
1376,H2Li3
1377,HHeLi3
1378,nHe4
1379,HHe4
1380,HHe4
1381,HHe4
1382,H4
1383,H2HeLi2
1384,H2HeLi2
1385,H2He3
1386,nHe4
1387,H3HeLi
1388,H3HeLi
1389,H3HeLi
1390,HHe4
1391,HHe4
1392,H2Li3
1393,HHe3
1394,HHe4
1395,nHe4
1396,HHe4
1397,n3HeLi
1398,HHe4
1399,H3HeLi
1400,HHe4
1401,nH2He2
1402,HHe4
1403,nHe4
1404,HHe4
1405,H2He2
1406,H2Li2
1407,H2Li3
1408,H2HeLi2
1409,HHe4
1410,HHe4
1411,HHe4
1412,H3HeLi
1413,HHe4
1414,H2Li3
1415,HHe4
1416,HHe4
1417,HHe4
1418,HHe4
1419,HHe4
1420,HHe4
1421,HHe4
1422,H2HeLi2
1423,HHe4
1424,HHe4
1425,nHe4
1426,H2HeLi2
1427,H2He3
1428,HHe4
1429,HHe4
1430,HHe4
1431,HHe2Li2
1432,HHe4
1433,H3HeLi
1434,nHe4
1435,n3HeLi
1436,H3HeLi
1437,HHe4
1438,nHe4
1439,HHe4
1440,HHe4
1441,HHe4
1442,HHe4
1443,n2Li3
1444,HHe4
1445,HHe4
1446,nHe4
1447,HHe4
1448,HHe4
1449,nHe4
1450,HHe4
1451,n2He3
1452,nHe4
1453,HHe4
1454,nHe4
1455,HHe4
1456,H2He3
1457,HHe4
1458,H2HeLi2
1459,H2HeLi2
1460,H2He3
1461,HHe4
1462,HHe4
1463,H3HeLi
1464,H2HeLi2
1465,HHe4
1466,nHe4
1467,n2HeLi2
1468,HHe4
1469,H2HeLi2
1470,HHe4
1471,H3HeLi
1472,HHe4
1473,H3He2
1474,H3HeLi
1475,H3He2
1476,nHe4
1477,HHe4
1478,HHe4
1479,H2Li3
1480,HHe4
1481,n3HeLi
1482,HHe4
1483,HHe4
1484,H3HeLi
1485,HHe4
1486,HHe4
1487,HHe4
1488,HHe4
1489,nHe4
1490,HHe4
1491,HHe4
1492,nHe5
1493,n2He4
1494,HHe5
1495,H2He4
1496,H2He4
1497,HHe5
1498,HHe5
1499,H2He4
1500,nHe5
1501,H2HeLi2
1502,HHe5
1503,H2He4
1504,HHe5
1505,n2He4
1506,H2He4
1507,H2Li2Be2
1508,H2He4
1509,H2Li4
1510,n2He4
1511,H2He4
1512,H2He4
1513,HHe5
1514,n2He4
1515,H2He4
1516,HHe4
1517,HHe4
1518,n2He4
1519,H2He4
1520,H2He4
1521,H4He2
1522,H2He4
1523,H2He4
1524,HHe5
1525,H2He4
1526,nHe5
1527,H2Li4
1528,H2He4
1529,HHe4
1530,HHe5
1531,HHe5
1532,H4He2
1533,H2Li4
1534,H2He4
1535,H4He2
1536,H2He4
1537,n2He4
1538,H2He4
1539,H2He4
1540,H2Li4
1541,n2He4
1542,HHe4
1543,H4He2
1544,n2He4
1545,HHe5
1546,H2Li2Be2
1547,H4He2
1548,nHe4
1549,H2Li4
1550,HHe4
1551,H2He4
1552,HHe4
1553,HHe4
1554,HHe4
1555,H2He4
1556,n4He2
1557,HHe3
1558,H2Li4
1559,H4He2
1560,H2He3
1561,n2Li4
1562,HHe4
1563,HHe5
1564,H2HeLi2
1565,H2Li4
1566,n2Li4
1567,HHe5
1568,HHe5
1569,n2He4
1570,n2He4
1571,H2Li4
1572,HHe4
1573,H2He4
1574,H2He4
1575,nHe4
1576,H2Li2Be2
1577,HHe5
1578,H2Li4
1579,n2He4
1580,H6
1581,H2He4
1582,H2He4
1583,H2He4
1584,n2Li2Be2
1585,H2He4
1586,H2Li2Be2
1587,HHe5
1588,nHe4
1589,n2He4
1590,n2He4
1591,H2He4
1592,HHe5
1593,H2He3
1594,H2He4
1595,H2Li4
1596,H2He4
1597,H2He4
1598,HHe5
1599,H2He4
1600,HHe5
1601,HHe5
1602,HHe5
1603,H2Li3
1604,H2He4
1605,H4He2
1606,H2He4
1607,nHe5
1608,H2He4
1609,n2He4
1610,H2He4
1611,HHe5
1612,H6
1613,HHe5
1614,H6
1615,H2He4
1616,HHe5
1617,nHe5
1618,H2HeLi2
1619,H2He4
1620,H2He4
1621,HHe5
1622,H6
1623,H2He4
1624,HHe5
1625,nHe4
1626,HHe5
1627,H2He4
1628,H2He4
1629,H2He4
1630,H2He4
1631,H4He2
1632,H2Li4
1633,n2He4
1634,HHe5
1635,HHe5
1636,n2He4
1637,H2He4
1638,H2He4
1639,H2Li2Be2
1640,H2He4
1641,H2Li4
1642,H4He2
1643,H2He4
1644,HHe5
1645,H2He4
1646,H2Li4
1647,H2He4
1648,H2Li4
1649,HHe4Li
1650,HHe5
1651,nHe5
1652,n2He4
1653,H2He4
1654,HHe4Li
1655,HHe5
1656,n2He4
1657,HHe2
1658,H2Li3
1659,H2HeLi2
1660,H2HeLi2
1661,HHe4
1662,nHe4
1663,H2He3
1664,HHe4
1665,nHe4
1666,H3HeLi
1667,nHe4
1668,HHe2Li2
1669,H3HeLi
1670,nHe4
1671,H2He4
1672,H3HeLi
1673,H2He4
1674,H2He4
1675,H2He4
1676,HHe5
1677,n2H2He2
1678,n2Li4
1679,H2He4
1680,n2He4
1681,HHe5
1682,H2He4
1683,HHe5
1684,H2He4
1685,H2He4
1686,HHe5
1687,H2He4
1688,HHe4Li
1689,H2He4
1690,HHe4Li
1691,HHe5
1692,n2He4
1693,nHHe4
1694,n2Li3
1695,HHe5
1696,H2He4
1697,H2Li4
1698,H2He4
1699,n2He4
1700,H2He4
1701,HHe4Li
1702,H2He4
1703,HHe4Li
1704,HHe5
1705,HHe5
1706,H2He4
1707,H2He4
1708,n2H2He2
1709,H2Li4
1710,H4He2
1711,H2He4
1712,H2He4
1713,n2He4
1714,HHe5
1715,H4He2
1716,H2He4
1717,H4He2
1718,n2He4
1719,H2He4
1720,nHe5
1721,nHe4Li
1722,HHe5
1723,H6
1724,H2He4
1725,HHe5
1726,H4He2
1727,H2He2Li2
1728,H2He4
1729,H2He4
1730,HHe5
1731,H2He4
1732,H2Li4
1733,H2He4
1734,H4He2
1735,n2He4
1736,n2Li4
1737,H4He2
1738,n2He4
1739,H2He4
1740,H2Li2Be2
1741,H2He4
1742,H2Li2Be2
1743,H2Li4
1744,nHe5
1745,HHe5
1746,H4He2
1747,HHe4Li
1748,H2He4
1749,H4He2
1750,H2He4
1751,HHe5
1752,HHe5
1753,H2He4
1754,nHe4Li
1755,n2He4
1756,HHe5
1757,H2He4
1758,HHe5
1759,n2He4
1760,H2He4
1761,n2He4
1762,H2He4
1763,HHe4Li
1764,HHe5
1765,HHe5
1766,H2He4
1767,HHe4Li
1768,HHe5
1769,HHe5
1770,n2He4
1771,H2He4
1772,H2He4
1773,HHe4Li
1774,H2He4
1775,H2He4
1776,HHe4Li
1777,H2He4
1778,H2He4
1779,H2He4
1780,HHe4Li
1781,H2He4
1782,nHe4Li
1783,HHe4Li
1784,HHe4Li
1785,n2He4
1786,HHe4Li
1787,H2He4
1788,H2He4
1789,H2He4
1790,HHe5
1791,HHe4Li
1792,n2He4
1793,H2He4
1794,H2He4
1795,HHe4Li
1796,H2He4
1797,H2He4
1798,nHe5
1799,H2He4
1800,H2He4
1801,H4He2
1802,H2He4
1803,H2He4
1804,HHe5
1805,n2He4
1806,H2He4
1807,HHe4Li
1808,H2He4
1809,n2He4
1810,H2He4
1811,H2He4
1812,HHe5
1813,H2He4
1814,HHe5
1815,H2He4
1816,n2He4
1817,H2He4
1818,HHe5
1819,H2He4
1820,H4He2
1821,HHe5
1822,H2He4
1823,HHe5
1824,H2He4
1825,HHe5
1826,H2He4
1827,H2He4
1828,H2He4
1829,H2He4
1830,n2He4
1831,H2He4
1832,H2He4
1833,HHe5
1834,nHe5
1835,H2He4
1836,H2He4
1837,H2Li2Be2
1838,H2He4
1839,H2He4
1840,H4He2
1841,n2He4
1842,H2He4
1843,n2He4
1844,n2He4
1845,H2He4
1846,H2He4
1847,H2Li2Be2
1848,HHe5
1849,H2He4
1850,H2He4
1851,n2H2He2
1852,H2Li2Be2
1853,H4He2
1854,H2Li2Be2
1855,H2Li2Be2
1856,HHe5
1857,n2He4
1858,H2He4
1859,n2He4
1860,H2He4
1861,n2He4
1862,H2Li4
1863,HHe5
1864,HHe5
1865,H2He4
1866,H2He2Li2
1867,H4He2
1868,H4He2
1869,HHe5
1870,H2He4
1871,nHe5
1872,H2Li4
1873,H2He4
1874,HHe5
1875,n2He4
1876,H2He4
1877,H2He4
1878,H2He4
1879,H2He4
1880,H2He4
1881,HHe5
1882,HHe5
1883,H2He4
1884,H2He4
1885,H2He4
1886,H2He4
1887,H2He4
1888,H2He4
1889,nHe5
1890,H6
1891,H2He4
1892,HHe2
1893,HHe5
1894,n2He4
1895,HHe5
1896,H2He4
1897,HHe4Li
1898,H2He4
1899,H2He4
1900,n2He4
1901,H2He4
1902,H2He4
1903,n2He4
1904,HHe5
1905,HHe4
1906,H2He2Li2
1907,HHe5
1908,HHe4
1909,H2Li4
1910,H2He4
1911,n2He4
1912,n2He4
1913,H2Li4
1914,H2He4
1915,H2He4
1916,HHe5
1917,H2He4
1918,HHe4Li
1919,nHe5
1920,H2He4
1921,n2H2He2
1922,H2He4
1923,HHe5
1924,n2He4
1925,nHe5
1926,n2He4
1927,n2He4
1928,H2He4
1929,H2He4
1930,n2He4
1931,HHe5
1932,H2He4
1933,H2He4
1934,n2He4
1935,HHe4Li
1936,H6
1937,H2Li4
1938,HHe4Li
1939,H2He4
1940,H2He4
1941,H4He2
1942,H2He4
1943,H2He4
1944,HHe5
1945,H2He4
1946,HHe5
1947,H2Li2Be2
1948,H2He4
1949,HHe5
1950,HHe5
1951,n2He4
1952,H2He4
1953,H4He2
1954,H2He4
1955,H2He4
1956,H2He4
1957,n2Li4
1958,nHe5
1959,n2He4
1960,nHe5
1961,nHe5
1962,n2He4
1963,n2He4
1964,n2He4
1965,n2He4
1966,H2Li2Be2
1967,HHe5
1968,H2He4
1969,H2He4
1970,H2He4
1971,H2He4
1972,nHe5
1973,H2He4
1974,H2He4
1975,HHe5
1976,n2He4
1977,H2He4
1978,n2He4
1979,H2Li4
1980,H2Li4
1981,H2He4
1982,H2He4
1983,H2He4
1984,H2He4
1985,nHe5
1986,H2He4
1987,nHe5
1988,nHe4
1989,H2He4
1990,n2He4
1991,H2He4
1992,H2He4
1993,H2He4
1994,H2He4
1995,n2He4
1996,H2He4
1997,H2He4
1998,H2He4
1999,HHe5
2000,H2Li4
2001,H2He4
2002,HHe5
2003,H2He4
2004,H2He4
2005,H2Li4
2006,n2He4
2007,H2He4
2008,H2He4
2009,HHe4Li
2010,HHe5
2011,HHe5
2012,H2He4
2013,nHe5
2014,H2He4
2015,H4He2
2016,nHe5
2017,H6
2018,H2He4
2019,H2He2Li2
2020,H2Li4
2021,H2He4
2022,n2Li4
2023,H2Li4
2024,H2He4
2025,H2He4
2026,HHe5
2027,H2He4
2028,H2Li4
2029,H2He4
2030,HHe5
2031,HHe5
2032,n2He4
2033,H4He2
2034,HHe5
2035,H2He4
2036,HHe5
2037,n2He4
2038,H2He4
2039,HHe5
2040,H2He4
2041,n2He4
2042,H2He4
2043,HHe5
2044,n2Li4
2045,H2He4
2046,HHe5
2047,HHe5
2048,HHe5
2049,HHe5
2050,HHe5
2051,n2He4
2052,H2Li2Be2
2053,nHe5
2054,H2He4
2055,HHe5
2056,H4He2
2057,n2He4
2058,H2He4
2059,H2He4
2060,H2He4
2061,H2He4
2062,H2He4
2063,HHe5
2064,H2He4
2065,H2He4
2066,nHe5
2067,H6
2068,HHe5
2069,H2He4
2070,H2He4
2071,H2He4
2072,nHHe4
2073,HHe5
2074,H4He2
2075,H2He4
2076,H2He4
2077,HHe5
2078,n2Li4
2079,H2Li4
2080,H2He4
2081,H2He4
2082,HHe5
2083,H4He2
2084,HHe5
2085,H2He4
2086,H2He4
2087,H2Li4
2088,HHe5
2089,H2He4
2090,H2He4
2091,H2He4
2092,n2He4
2093,HHe4Li
2094,HHe5
2095,HHe5
2096,H2He4
2097,HHe5
2098,n2He4
2099,HHe5
2100,H4He2
2101,HHe5
2102,n2He4
2103,H4He2
2104,H2He4
2105,HHe5
2106,H2He4
2107,H6
2108,HHe5
2109,HHe5
2110,H2Li4
2111,HHe4Li
2112,H2He4
2113,H2He4
2114,H2He4
2115,H2He4
2116,H2Li4
2117,H2He4
2118,H4He2
2119,H2He4
2120,H2Li4
2121,H2He4
2122,H2He4
2123,n2Li2Be2
2124,H2He4
2125,H2He4
2126,H2He4
2127,HHe5
2128,HHe5
2129,H2He4
2130,n2Li2Be2
2131,H2He4
2132,H2He4
2133,H2He4
2134,HHe5
2135,HHe5
2136,HHe5
2137,H2He4
2138,HHe5
2139,H2He4
2140,HHe5
2141,H2Li4
2142,H2He4
2143,HHe5
2144,n2He4
2145,H2Li2Be2
2146,H2He4
2147,HHe5
2148,H2He4
2149,HHe6
2150,H2He4
2151,H2He4
2152,H2He4
2153,H2Li4
2154,HHe5
2155,H2He4
2156,H4He2
2157,HHe5
2158,H2He4
2159,H2Li4
2160,H2He4
2161,H2He4
2162,H2He4
2163,H2He4
2164,n2He4
2165,H2He4
2166,H2He4
2167,HHe6
2168,HHe5
2169,H4He2
2170,HHe6
2171,HHe6
2172,HHe6
2173,HHe6
2174,nHe6
2175,HHe5
2176,n2Li4
2177,H2He4
2178,n2He4
2179,HHe5
2180,HHe5
2181,H2He4
2182,HHe5
2183,n2He4
2184,HHe5
2185,H2He4
2186,n2Li4
2187,H2He4
2188,nHe5
2189,HHe5
2190,H2He4
2191,H2He4
2192,H2He2Li2
2193,H2He4
2194,HHe5
2195,H2He4
2196,H2He4
2197,H2He4
2198,H2He4
2199,nHe5
2200,H4He2
2201,nHe6
2202,n2He5
2203,HHe6
2204,H3HeLi3
2205,H2He3Li2
2206,nHe6
2207,nHe6
2208,H2He4
2209,HHe5
2210,H2He4
2211,H2He4
2212,H2He4
2213,n4He2
2214,HHe5
2215,H3HeLi3
2216,HHe6
2217,H2He4
2218,H2He4
2219,H2He4
2220,H2He5
2221,H2He4Li
2222,HHe6
2223,H2Li4
2224,H2He5
2225,H2LiBe4
2226,n4He2Li
2227,H2He5
2228,H4He2
2229,n2He2Li3
2230,HHe5
2231,H2He5
2232,H2He4
2233,HHe6
2234,H2He4
2235,HHe6
2236,HHe5
2237,H2He4
2238,H2HeLi4
2239,H2He4
2240,H2He4
2241,HHe5
2242,n2He4
2243,H2Li4
2244,n2He4
2245,H2He4
2246,n2He4
2247,H2HeLi4
2248,H2He5
2249,HHe6
2250,n2Li4
2251,n2H3He2
2252,H2He4
2253,H2He4
2254,H2He4
2255,H2He4
2256,H2He4
2257,nHe5
2258,HHe5
2259,H2He4
2260,H4He2
2261,H3HeLi3
2262,H2He4
2263,nHe2Li5
2264,H2He4
2265,H2He4
2266,H2He4
2267,H2He4
2268,H2He4
2269,H4He4
2270,H3Li3
2271,H2He4
2272,HHe5
2273,HHe2Li4
2274,nHe2Li5
2275,HHe6
2276,HHe2Li5
2277,H2He4
2278,H2HeLi4
2279,HHe2Li5
2280,H2HeLi4
2281,H2He4
2282,H2He4
2283,H3HeLi3
2284,HHe6
2285,HHe2Li5
2286,H2He4Li2
2287,HHe2Li5
2288,HHe2Li5
2289,HHe2Li5
2290,HHe6
2291,nHe2Li5
2292,H2He2Li4
2293,H2He6
2294,H2He4
2295,HHe2Li5
2296,n2He6
2297,H2He4
2298,nHe2Li5
2299,HHe5
2300,H2Li5
2301,H2He4Li2
2302,HHe3
2303,n3HeLi
2304,H2He4
2305,HHe2Li5
2306,H2He4
2307,nHe5
2308,H2He4
2309,HHe2Li5
2310,n3Li3
2311,n2He4
2312,HHe2Li5
2313,HHe2Li5
2314,H2He6
2315,HHe5
2316,n4He4
2317,nHe2Li5
2318,nHe2Li5
2319,H2Li4
2320,n2He4
2321,H2He4
2322,H4He2
2323,HHe7
2324,HHe3
2325,n2HeLi3
2326,n2He4
2327,H2He4
2328,n2He4
2329,H2He4
2330,H2He4
2331,nHe2Li4
2332,HHe6
2333,HHe2Li4
2334,H2Li5
2335,H2HeLi4
2336,H2Li5
2337,n2He4
2338,H2He4
2339,H2He4
2340,n2He4
2341,H2HeLi4
2342,n2Li5
2343,HHe5
2344,H2He4
2345,n3Li3
2346,H4He2
2347,H2HeLi4
2348,H2He4
2349,H2He4
2350,H2He4
2351,H2HeLi4
2352,nHe6
2353,HHe6
2354,HHe6
2355,H2He2Li3
2356,HHeLi4
2357,HHe5
2358,HHe5
2359,HHe6
2360,H2He3Li2
2361,n2He4
2362,HHe6
2363,H2He4
2364,HHe6
2365,H2He4
2366,H2He4
2367,H4He2
2368,n2Li2Be2
2369,H2Li5
2370,H2He2Li3
2371,HHe4
2372,H2He4
2373,H2He4
2374,H2He2Li2
2375,H2He4
2376,H2He4
2377,H2Li5
2378,H2He6
2379,H2He6
2380,H4Li4
2381,n2H2Li4
2382,HHe2Li5
2383,H2He6
2384,n4He4
2385,HHe2Li5
2386,H2He4Li
2387,HHe2Li5
2388,H2Li6
2389,H2He4Li2
2390,H2HeLi2
